[
  {
    "id": "manual_1",
    "code": "BazaarGuru2024",
    "title": "BazaarGuru Специальная скидка",
    "description": "Скидка 15% на первый заказ",
    "discountType": "percentage",
    "discountValue": 15,
    "minimumOrder": 500,
    "maximumDiscount": 500,
    "category": "general",
    "store": "bazaarguru",
    "expiryDate": "2025-12-31T23:59:59.000Z",
    "source": "manual",
    "verified": true,
    "createdAt": "2024-01-15T10:00:00.000Z"
  },
  {
    "id": "manual_2",
    "code": "FLIP500",
    "title": "Flipkart ₹500 OFF",
    "description": "Дополнительная скидка ₹500 на электронику",
    "discountType": "fixed",
    "discountValue": 500,
    "minimumOrder": 2000,
    "category": "electronics",
    "store": "flipkart.com",
    "expiryDate": "2024-12-31T23:59:59.000Z",
    "source": "manual",
    "verified": true,
    "createdAt": "2024-01-15T10:00:00.000Z"
  },
  {
    "id": "manual_3",
    "code": "MYNTRA20",
    "title": "Myntra 20% OFF",
    "description": "20% скидка на одежду и аксессуары",
    "discountType": "percentage",
    "discountValue": 20,
    "minimumOrder": 1000,
    "maximumDiscount": 1000,
    "category": "fashion",
    "store": "myntra.com",
    "expiryDate": "2024-12-31T23:59:59.000Z",
    "source": "manual",
    "verified": true,
    "createdAt": "2024-01-15T10:00:00.000Z"
  },
  {
    "id": "manual_4",
    "code": "FOOD30",
    "title": "Food Delivery 30% OFF",
    "description": "30% скидка на доставку еды",
    "discountType": "percentage",
    "discountValue": 30,
    "minimumOrder": 300,
    "maximumDiscount": 150,
    "category": "food",
    "store": "zomato.com",
    "expiryDate": "2024-12-31T23:59:59.000Z",
    "source": "manual",
    "verified": true,
    "createdAt": "2024-01-15T10:00:00.000Z"
  },
  {
    "id": "manual_5",
    "code": "SHOES25",
    "title": "Обувь 25% OFF",
    "description": "Скидка 25% на всю обувь",
    "discountType": "percentage",
    "discountValue": 25,
    "minimumOrder": 800,
    "maximumDiscount": 800,
    "category": "shoes",
    "store": "bata.in",
    "expiryDate": "2024-12-31T23:59:59.000Z",
    "source": "manual",
    "verified": true,
    "createdAt": "2024-01-15T10:00:00.000Z"
  },
  {
    "code": "TEST25",
    "title": "Тестовая скидка 25%",
    "description": "Тестовый промокод для проверки",
    "discountType": "percentage",
    "discountValue": 25,
    "minimumOrder": 500,
    "category": "general",
    "store": "test-store.com",
    "expiryDate": "2025-09-19T08:13:44.258Z",
    "id": "1757664824259",
    "createdAt": "2025-09-12T08:13:44.259Z"
  }
]
